id,first_name,last_name,email,gender,ip_address
1,Erwin,Coch,ecoch0@hhs.gov,Female,95.23.207.243
2,Patric,Bould,pbould1@bbc.co.uk,Female,91.84.152.224
3,Grant,Ryce,gryce2@hao123.com,Female,222.159.156.41
4,Sven,Took,stook3@google.pl,Female,15.3.176.97
5,Zabrina,Cotmore,zcotmore4@tuttocitta.it,Male,33.246.198.51
6,Natalya,Likly,nlikly5@disqus.com,Female,234.228.47.219
7,Meir,Roller,mroller6@wiley.com,Female,55.234.114.86
8,Juliet,Belison,jbelison7@goo.ne.jp,Male,143.7.86.210
9,Chevy,Luca,cluca8@vinaora.com,Male,86.193.121.247
10,Bartel,Hyne,bhyne9@flickr.com,Female,190.5.149.203
11,Mirilla,Simonitto,msimonittoa@umn.edu,Non-binary,218.219.215.11
12,Ilsa,Nevett,inevettb@slideshare.net,Male,137.24.86.9
13,Elyse,Vivyan,evivyanc@sun.com,Male,207.171.194.207
14,Guido,Badby,gbadbyd@nhs.uk,Male,130.236.200.214
15,Arley,Colquyte,acolquytee@shop-pro.jp,Male,76.36.0.246
16,Desmund,Simonaitis,dsimonaitisf@squarespace.com,Female,162.11.164.5
17,Andres,Routhorn,arouthorng@soup.io,Male,48.33.218.91
18,Madlen,Crevy,mcrevyh@marketwatch.com,Male,234.0.166.84
19,Wilton,Naton,wnatoni@sphinn.com,Female,111.117.208.221
20,Morgan,Ruoss,mruossj@freewebs.com,Male,219.133.77.17
21,Siusan,Gowrich,sgowrichk@myspace.com,Male,238.136.8.59
22,Salvador,Huegett,shuegettl@senate.gov,Female,181.186.170.181
23,Sandro,Braganza,sbraganzam@mashable.com,Genderqueer,197.22.71.167
24,Bowie,Sijmons,bsijmonsn@wordpress.org,Male,237.35.225.180
25,Lyndsey,Doldon,ldoldono@4shared.com,Male,216.64.24.141
26,Elwood,Hutchason,ehutchasonp@ycombinator.com,Female,224.169.186.143
27,Julian,Allpress,jallpressq@guardian.co.uk,Female,207.142.98.245
28,Dorothy,Froggatt,dfroggattr@bing.com,Female,136.48.232.58
29,Marigold,Heddon,mheddons@theglobeandmail.com,Male,27.95.55.98
30,Waring,Dalby,wdalbyt@arstechnica.com,Male,183.58.134.237
31,Mercy,Verrick,mverricku@amazon.co.jp,Female,103.152.33.64
32,Kristal,Blofeld,kblofeldv@elegantthemes.com,Female,129.189.183.186
33,Montague,Aspden,maspdenw@mtv.com,Male,39.87.22.240
34,Deva,Midgley,dmidgleyx@spiegel.de,Agender,90.1.216.248
35,Gaven,Volant,gvolanty@nifty.com,Male,213.186.233.138
36,Kameko,Fishbourne,kfishbournez@clickbank.net,Male,248.254.145.138
37,Hanni,Mose,hmose10@rakuten.co.jp,Male,97.191.192.105
38,Helga,Rudland,hrudland11@fc2.com,Male,188.148.56.89
39,Meggie,Mulrooney,mmulrooney12@cisco.com,Female,80.57.230.29
40,Sherwin,Tomankowski,stomankowski13@samsung.com,Female,101.204.62.159
41,Elga,Koeppe,ekoeppe14@devhub.com,Male,203.77.183.185
42,Julieta,Moody,jmoody15@themeforest.net,Female,164.108.103.198
43,Arturo,Scadden,ascadden16@loc.gov,Female,209.123.41.96
44,Marcie,Dawbery,mdawbery17@vinaora.com,Female,45.149.22.220
45,Etan,Murie,emurie18@si.edu,Female,97.42.79.93
46,Costanza,Vasse,cvasse19@histats.com,Female,193.157.209.42
47,Clayborn,Castellini,ccastellini1a@4shared.com,Male,107.163.251.252
48,Parke,Girone,pgirone1b@techcrunch.com,Female,101.225.34.181
49,Curr,Ginnaly,cginnaly1c@examiner.com,Male,115.213.111.192
50,Thedrick,Gleadhall,tgleadhall1d@jalbum.net,Male,125.247.114.234
51,Wallis,Diano,wdiano1e@ycombinator.com,Female,127.44.56.91
52,Agnola,Putt,aputt1f@ebay.com,Female,228.191.0.14
53,Gwenneth,Oldmeadow,goldmeadow1g@printfriendly.com,Bigender,230.28.15.78
54,Dionne,Jakoub,djakoub1h@spotify.com,Female,232.197.145.249
55,Tomas,West,twest1i@hibu.com,Female,205.98.191.122
56,Traci,Moquin,tmoquin1j@meetup.com,Female,154.188.116.73
57,Lurlene,Alston,lalston1k@csmonitor.com,Female,58.57.43.4
58,Salomo,Bartak,sbartak1l@meetup.com,Male,229.58.24.57
59,Rickie,Echelle,rechelle1m@skyrock.com,Male,54.103.255.194
60,Thornton,Darville,tdarville1n@cloudflare.com,Male,128.160.103.196
61,Pincas,Braganza,pbraganza1o@quantcast.com,Male,122.174.41.31
62,Clementine,Redfearn,credfearn1p@indiatimes.com,Male,222.100.187.40
63,Thomasa,Abramamov,tabramamov1q@geocities.jp,Female,76.200.69.193
64,Ina,Everill,ieverill1r@weebly.com,Male,168.228.87.97
65,Kevin,Aylett,kaylett1s@opera.com,Genderfluid,76.84.129.33
66,Halsy,Choules,hchoules1t@tiny.cc,Male,217.13.102.254
67,Veradis,Coverly,vcoverly1u@guardian.co.uk,Female,250.247.110.18
68,Margalit,Crux,mcrux1v@vinaora.com,Male,253.230.131.118
69,Jeffie,Hazelgrove,jhazelgrove1w@prnewswire.com,Female,201.219.91.199
70,Bertrand,Kop,bkop1x@spotify.com,Male,71.63.154.240
71,Sim,Dewerson,sdewerson1y@imdb.com,Genderqueer,161.2.48.54
72,Aidan,Etheredge,aetheredge1z@meetup.com,Female,113.3.223.200
73,Kippie,Olivier,kolivier20@ameblo.jp,Male,130.209.114.241
74,Tobin,Regorz,tregorz21@creativecommons.org,Male,181.33.100.78
75,Fayette,Whibley,fwhibley22@opera.com,Female,178.109.106.178
76,Aubine,McClaren,amcclaren23@jigsy.com,Female,188.3.63.7
77,Denys,Berthot,dberthot24@dedecms.com,Male,236.19.247.10
78,Rudolf,Bedow,rbedow25@howstuffworks.com,Female,196.153.25.133
79,Jakie,Beamont,jbeamont26@opera.com,Male,178.31.117.61
80,Toma,Stowell,tstowell27@eepurl.com,Female,36.65.10.133
81,Crissy,Cratere,ccratere28@irs.gov,Female,201.83.186.193
82,Donnell,Mechic,dmechic29@list-manage.com,Male,245.236.202.125
83,Lulu,Longstreeth,llongstreeth2a@zimbio.com,Male,48.142.55.94
84,Rafe,Sandilands,rsandilands2b@domainmarket.com,Female,19.185.36.119
85,Charmian,Ashfield,cashfield2c@pcworld.com,Female,112.201.0.241
86,Emmott,Josling,ejosling2d@blinklist.com,Male,156.28.20.248
87,Sherwin,Quilligan,squilligan2e@behance.net,Female,149.64.52.144
88,Garland,Bunworth,gbunworth2f@smh.com.au,Male,47.36.34.68
89,Gregorio,Rodliff,grodliff2g@alibaba.com,Polygender,27.185.35.215
90,Sid,Dingate,sdingate2h@nature.com,Male,217.204.95.30
91,Adelaida,Mc Comb,amccomb2i@xrea.com,Female,75.56.196.88
92,Fletch,Pinkett,fpinkett2j@devhub.com,Female,30.254.29.231
93,Ivor,McReynolds,imcreynolds2k@nih.gov,Male,152.186.157.78
94,Melvyn,Harsnep,mharsnep2l@indiegogo.com,Female,11.154.19.200
95,Candy,Huzzey,chuzzey2m@japanpost.jp,Male,96.218.1.2
96,Wandie,Dockray,wdockray2n@theatlantic.com,Female,204.57.82.212
97,Cary,Hakonsen,chakonsen2o@spotify.com,Male,181.106.65.61
98,El,Stanmer,estanmer2p@nasa.gov,Male,17.117.204.167
99,Brigitta,Padly,bpadly2q@home.pl,Male,234.244.220.74
100,Cindelyn,Maguire,cmaguire2r@last.fm,Male,219.33.233.43
101,Olympia,Gaskill,ogaskill2s@bbc.co.uk,Male,35.53.89.11
102,Colet,Shambroke,cshambroke2t@cnbc.com,Female,66.35.216.197
103,Vachel,Ruos,vruos2u@simplemachines.org,Male,30.124.143.30
104,Hazlett,Balazin,hbalazin2v@joomla.org,Male,69.140.20.188
105,Shandra,Bantock,sbantock2w@sun.com,Female,103.105.130.171
106,Helene,Offell,hoffell2x@newsvine.com,Male,8.181.73.88
107,Bradney,Aronowicz,baronowicz2y@telegraph.co.uk,Agender,130.125.37.219
108,Nessi,Nelthorpe,nnelthorpe2z@example.com,Female,90.48.243.188
109,Shirl,Meneely,smeneely30@reuters.com,Male,22.169.50.49
110,Windy,Barsby,wbarsby31@bloomberg.com,Male,166.10.187.69
111,Arabele,Emberton,aemberton32@a8.net,Male,85.155.89.40
112,Tan,Sowte,tsowte33@homestead.com,Female,182.22.220.171
113,Kienan,Prentice,kprentice34@ted.com,Male,42.12.210.105
114,Tedi,Swalteridge,tswalteridge35@ucoz.com,Female,166.116.16.4
115,Rennie,Hriinchenko,rhriinchenko36@newsvine.com,Male,197.126.209.12
116,August,Hickin,ahickin37@ezinearticles.com,Female,14.245.69.245
117,Lisle,Janman,ljanman38@parallels.com,Female,228.83.122.236
118,Marissa,Keneford,mkeneford39@amazon.co.jp,Female,138.193.137.99
119,Marc,Calwell,mcalwell3a@behance.net,Male,123.204.108.204
120,Martin,Wisson,mwisson3b@va.gov,Female,95.188.207.55
121,Lilli,Yashaev,lyashaev3c@home.pl,Male,230.104.75.185
122,Annette,Ryott,aryott3d@microsoft.com,Male,67.181.128.100
123,Gilberta,Balducci,gbalducci3e@google.fr,Female,50.150.224.109
124,Trumann,Fidelus,tfidelus3f@pinterest.com,Male,94.250.253.2
125,Aile,Durman,adurman3g@latimes.com,Female,146.208.70.11
126,Ad,Swiers,aswiers3h@intel.com,Female,19.193.108.112
127,Dickie,Bernth,dbernth3i@last.fm,Male,76.89.195.210
128,Graham,Jemison,gjemison3j@bigcartel.com,Female,72.72.151.134
129,Joshua,Tidbury,jtidbury3k@exblog.jp,Male,17.15.220.199
130,Mariele,Kinghorn,mkinghorn3l@gov.uk,Female,92.214.85.17
131,Bronson,Waterhowse,bwaterhowse3m@irs.gov,Female,140.14.62.188
132,Kerrill,Arnao,karnao3n@oracle.com,Male,103.1.225.160
133,Ebba,Bladon,ebladon3o@baidu.com,Female,168.207.146.82
134,Solomon,Dixcee,sdixcee3p@intel.com,Female,70.41.62.227
135,Arvin,Lambdean,alambdean3q@dell.com,Male,245.194.66.186
136,Creigh,Mapother,cmapother3r@lycos.com,Agender,68.30.239.123
137,Goddard,Siccombe,gsiccombe3s@purevolume.com,Genderfluid,222.155.92.35
138,Kit,Kupisz,kkupisz3t@163.com,Agender,234.30.232.19
139,Gillie,Searson,gsearson3u@who.int,Male,95.153.106.101
140,Tam,Gunda,tgunda3v@youku.com,Female,92.220.10.33
141,Glendon,Penhallurick,gpenhallurick3w@dropbox.com,Male,94.154.181.120
142,Jeramie,Shuter,jshuter3x@creativecommons.org,Male,254.26.103.221
143,Babita,Crossgrove,bcrossgrove3y@miibeian.gov.cn,Male,59.120.205.236
144,Callie,Hennemann,chennemann3z@zdnet.com,Female,113.91.136.237
145,Ernestine,Molloy,emolloy40@typepad.com,Female,95.166.46.72
146,Nalani,Knowlton,nknowlton41@imdb.com,Male,2.137.231.130
147,Martino,Dubble,mdubble42@weibo.com,Male,96.110.5.78
148,Gregorio,de Grey,gdegrey43@vimeo.com,Non-binary,103.87.28.190
149,Jermaine,Ruger,jruger44@usnews.com,Polygender,237.121.171.116
150,Wit,Woolfitt,wwoolfitt45@amazon.de,Female,165.236.227.135
151,Murray,Fend,mfend46@about.me,Female,80.123.243.126
152,Wesley,Stanbra,wstanbra47@who.int,Male,198.214.144.207
153,Brit,Bagwell,bbagwell48@youtu.be,Male,230.221.129.44
154,Ermengarde,Malzard,emalzard49@yandex.ru,Female,116.111.128.31
155,Abrahan,Walding,awalding4a@wsj.com,Female,121.22.248.192
156,Robbyn,Shambroke,rshambroke4b@chicagotribune.com,Female,44.91.75.90
157,Lynette,Mathen,lmathen4c@vimeo.com,Female,155.231.124.100
158,Robbie,Riding,rriding4d@comsenz.com,Male,61.114.18.89
159,Igor,Petheridge,ipetheridge4e@answers.com,Female,16.46.244.197
160,Marcelia,Adriaens,madriaens4f@psu.edu,Female,96.240.3.219
161,Had,Penella,hpenella4g@nasa.gov,Male,152.178.170.154
162,Jory,Pickworth,jpickworth4h@dion.ne.jp,Male,211.147.60.143
163,Hetti,Balle,hballe4i@toplist.cz,Male,92.228.220.45
164,Norry,Baldinotti,nbaldinotti4j@amazonaws.com,Male,191.233.44.240
165,Pippy,Fergie,pfergie4k@indiegogo.com,Male,128.188.47.34
166,Massimiliano,O'Fihily,mofihily4l@ftc.gov,Male,35.140.227.203
167,Ariadne,Margiotta,amargiotta4m@paypal.com,Male,26.89.43.240
168,Iggie,Lydall,ilydall4n@dion.ne.jp,Female,93.125.188.17
169,Myrtle,Rupprecht,mrupprecht4o@tripod.com,Genderfluid,142.226.45.132
170,Aaron,Ginner,aginner4p@cdbaby.com,Female,199.149.182.95
171,Tammara,Fisbburne,tfisbburne4q@noaa.gov,Bigender,15.245.141.145
172,Parry,Goodhall,pgoodhall4r@msu.edu,Female,178.251.28.180
173,Garwin,Burgher,gburgher4s@cam.ac.uk,Agender,67.59.132.153
174,Marielle,Yurygyn,myurygyn4t@forbes.com,Female,135.93.220.19
175,Adelaide,Kershow,akershow4u@qq.com,Male,108.233.12.138
176,Maggy,Petrussi,mpetrussi4v@livejournal.com,Female,226.73.28.87
177,Tremain,Harriskine,tharriskine4w@guardian.co.uk,Male,241.83.154.114
178,Abel,Eilhertsen,aeilhertsen4x@businessweek.com,Female,198.240.75.225
179,Walden,Fairbeard,wfairbeard4y@illinois.edu,Female,191.181.192.63
180,Milly,Skittreal,mskittreal4z@printfriendly.com,Female,133.151.96.40
181,Patty,Venediktov,pvenediktov50@joomla.org,Male,162.155.121.125
182,Daisy,Boichat,dboichat51@howstuffworks.com,Female,147.146.20.161
183,Torrence,Verbrugge,tverbrugge52@youtu.be,Polygender,70.9.50.149
184,Meris,Potes,mpotes53@bluehost.com,Male,29.103.39.116
185,Jonathan,Shinfield,jshinfield54@ow.ly,Female,127.164.185.154
186,Sari,Gritskov,sgritskov55@dell.com,Female,213.244.245.171
187,Jillian,Papaccio,jpapaccio56@w3.org,Female,122.151.103.116
188,Cherie,Stamper,cstamper57@twitpic.com,Female,195.229.72.48
189,Marcello,Milsom,mmilsom58@digg.com,Male,253.80.93.126
190,Cello,Stevani,cstevani59@storify.com,Male,133.73.229.174
191,Farrell,Gotter,fgotter5a@disqus.com,Male,145.191.170.60
192,Gasparo,Gavigan,ggavigan5b@soundcloud.com,Male,101.14.67.139
193,Billie,Trusler,btrusler5c@sciencedaily.com,Male,89.202.239.92
194,Georgiana,Impy,gimpy5d@wiley.com,Female,181.235.53.88
195,Sybyl,Plaister,splaister5e@alexa.com,Female,130.238.163.106
196,Gaspard,Mitford,gmitford5f@google.com.au,Male,49.112.142.174
197,Viviene,Pawlik,vpawlik5g@mayoclinic.com,Female,223.23.95.112
198,Reidar,Giacomuzzi,rgiacomuzzi5h@amazon.co.uk,Female,40.96.5.63
199,Lenee,Ducarne,lducarne5i@comsenz.com,Female,150.78.74.110
200,Nicky,Commucci,ncommucci5j@tinyurl.com,Male,43.103.189.29
201,Hillary,Haxell,hhaxell5k@mozilla.org,Female,193.131.20.70
202,Allyn,Visick,avisick5l@sogou.com,Male,90.17.203.72
203,Cassandry,Ludye,cludye5m@blinklist.com,Female,104.28.15.123
204,Bernice,Olenichev,bolenichev5n@delicious.com,Female,82.181.11.13
205,Dionne,Sherrum,dsherrum5o@chronoengine.com,Female,150.227.193.255
206,Arlyn,Ipplett,aipplett5p@dion.ne.jp,Male,246.178.217.107
207,Edithe,Jachimak,ejachimak5q@ebay.com,Female,32.97.53.215
208,Ab,Horsefield,ahorsefield5r@usnews.com,Female,31.151.115.226
209,Rosalyn,Trundle,rtrundle5s@apple.com,Female,44.159.105.194
210,Annamarie,Snelle,asnelle5t@ucsd.edu,Female,154.39.141.25
211,Mickey,Piscot,mpiscot5u@tumblr.com,Male,4.212.190.97
212,Christy,Kilpin,ckilpin5v@cdc.gov,Female,137.93.92.43
213,Viviana,Laurentino,vlaurentino5w@gravatar.com,Male,217.254.113.215
214,Simone,Vanyukov,svanyukov5x@wix.com,Male,19.27.91.184
215,Magnum,Bauman,mbauman5y@forbes.com,Male,76.185.201.30
216,Aubrie,Smedmore,asmedmore5z@latimes.com,Female,99.228.237.62
217,Mallory,Joscelin,mjoscelin60@tmall.com,Female,115.248.240.135
218,Laetitia,Brunelleschi,lbrunelleschi61@blogs.com,Male,29.140.140.218
219,Anallese,Adlem,aadlem62@pcworld.com,Female,91.111.212.136
220,Lester,Wyon,lwyon63@amazon.co.uk,Female,84.41.229.242
221,Fletcher,Paye,fpaye64@qq.com,Female,222.154.115.174
222,Fay,Jobbins,fjobbins65@blogtalkradio.com,Female,254.242.147.121
223,Sigfried,Brychan,sbrychan66@fotki.com,Female,212.207.233.84
224,Kattie,Pfaffel,kpfaffel67@unc.edu,Female,192.234.153.180
225,Chauncey,Whithorn,cwhithorn68@amazonaws.com,Female,29.145.167.244
226,Ofelia,Brownstein,obrownstein69@webnode.com,Female,74.209.194.236
227,Broddie,Gorringe,bgorringe6a@slate.com,Female,91.42.66.173
228,Torrey,Flatt,tflatt6b@google.com.br,Female,233.247.237.123
229,Wilhelmina,Antos,wantos6c@infoseek.co.jp,Female,223.124.203.240
230,Moselle,Brumen,mbrumen6d@yahoo.co.jp,Male,126.108.152.54
231,Kipper,McGarel,kmcgarel6e@pinterest.com,Male,211.35.105.112
232,Sandie,Roder,sroder6f@yahoo.com,Female,86.255.222.36
233,Brockie,Sabben,bsabben6g@wikispaces.com,Female,174.44.182.73
234,Garrick,Suddaby,gsuddaby6h@scientificamerican.com,Female,209.163.36.79
235,Desiree,Bloodworth,dbloodworth6i@dyndns.org,Female,18.30.147.12
236,Madonna,Puddefoot,mpuddefoot6j@china.com.cn,Female,144.205.102.172
237,Mirabel,Anderton,manderton6k@opera.com,Male,55.196.190.235
238,Diandra,Bendig,dbendig6l@spiegel.de,Female,2.239.58.176
239,Isidora,Ewington,iewington6m@reuters.com,Female,8.119.76.32
240,Waneta,Vasovic,wvasovic6n@guardian.co.uk,Female,131.254.96.160
241,Suzi,Arenson,sarenson6o@example.com,Polygender,153.59.57.9
242,Harrietta,Comino,hcomino6p@hibu.com,Female,246.189.233.103
243,Ainslee,Trulocke,atrulocke6q@angelfire.com,Bigender,140.67.165.129
244,Roseann,Dymidowski,rdymidowski6r@who.int,Male,230.133.93.233
245,Kale,Thirlwell,kthirlwell6s@wikia.com,Female,152.17.52.78
246,Ibbie,Da Costa,idacosta6t@artisteer.com,Male,231.108.114.76
247,Deina,Dedon,ddedon6u@wsj.com,Male,201.76.230.68
248,Babette,Mainson,bmainson6v@homestead.com,Female,130.233.54.121
249,Giordano,Metham,gmetham6w@sphinn.com,Male,87.11.180.211
250,Tove,Crumpton,tcrumpton6x@furl.net,Male,142.70.105.43
251,Atlante,Buckett,abuckett6y@t.co,Male,134.229.56.177
252,Quintana,Wooland,qwooland6z@google.ru,Male,224.62.114.62
253,Page,Hearnes,phearnes70@feedburner.com,Male,150.19.113.209
254,Geoffrey,Imorts,gimorts71@army.mil,Genderfluid,173.122.136.213
255,Teodoor,Shand,tshand72@domainmarket.com,Male,183.237.60.249
256,Hettie,Holbarrow,hholbarrow73@cdc.gov,Female,9.42.1.8
257,Jerrilee,Cawthron,jcawthron74@a8.net,Non-binary,15.224.48.162
258,Chad,Goodban,cgoodban75@mayoclinic.com,Female,220.100.80.239
259,Jerrilee,Mathieson,jmathieson76@trellian.com,Male,52.47.191.14
260,Wenona,Endean,wendean77@earthlink.net,Male,243.57.151.149
261,Jerrilyn,Hebbes,jhebbes78@tamu.edu,Polygender,43.65.52.137
262,Henry,Eldridge,heldridge79@indiatimes.com,Female,55.54.149.63
263,Harley,Luetchford,hluetchford7a@a8.net,Female,122.208.116.45
264,Hayes,Finden,hfinden7b@technorati.com,Agender,27.15.146.135
265,Morly,Fricke,mfricke7c@ca.gov,Male,46.115.13.225
266,Dov,Anniwell,danniwell7d@abc.net.au,Female,116.206.108.157
267,Kakalina,Probets,kprobets7e@ed.gov,Male,107.51.179.214
268,Gianna,Llewellen,gllewellen7f@hhs.gov,Male,66.123.126.232
269,Gery,Dungee,gdungee7g@ebay.com,Male,71.42.226.181
270,Liana,O'Shiels,loshiels7h@wix.com,Agender,114.36.236.17
271,Evangeline,Riseley,eriseley7i@cnn.com,Male,172.234.142.203
272,Trev,Deaville,tdeaville7j@yandex.ru,Female,41.18.211.242
273,Sayre,Sterman,ssterman7k@theatlantic.com,Female,42.229.221.0
274,Des,Plumtree,dplumtree7l@barnesandnoble.com,Female,217.218.250.246
275,Benny,Messenger,bmessenger7m@epa.gov,Female,185.144.82.115
276,Marwin,Gronaller,mgronaller7n@fotki.com,Male,141.150.150.214
277,Gerhardt,Rizzi,grizzi7o@desdev.cn,Polygender,86.12.195.134
278,Zollie,Poe,zpoe7p@altervista.org,Female,114.8.90.228
279,Marj,Sired,msired7q@miitbeian.gov.cn,Female,77.0.174.148
280,Teddi,Dimitresco,tdimitresco7r@ucoz.com,Female,100.197.34.206
281,Jonah,Puncher,jpuncher7s@surveymonkey.com,Male,226.117.13.99
282,Blithe,Pover,bpover7t@reuters.com,Female,93.83.47.147
283,Olivero,Clapp,oclapp7u@uol.com.br,Male,14.6.54.45
284,Quinn,Jilkes,qjilkes7v@google.it,Male,32.40.42.68
285,Ericha,Pendry,ependry7w@wikimedia.org,Female,241.73.86.46
286,Idalia,Kefford,ikefford7x@webmd.com,Female,122.23.143.80
287,August,Kiera,akiera7y@addthis.com,Female,245.104.141.0
288,Selig,Mompesson,smompesson7z@feedburner.com,Female,53.197.140.5
289,Demetra,Roberts,droberts80@scientificamerican.com,Female,87.238.202.236
290,Rolando,Whitley,rwhitley81@technorati.com,Male,68.112.176.22
291,Biddie,Freddi,bfreddi82@si.edu,Female,154.29.116.37
292,Boniface,Jenicke,bjenicke83@edublogs.org,Male,187.98.76.129
293,Domingo,Coite,dcoite84@typepad.com,Female,110.100.13.146
294,Brnaby,Emblem,bemblem85@ucla.edu,Female,64.45.218.223
295,Priscilla,Primarolo,pprimarolo86@symantec.com,Non-binary,104.59.131.69
296,Husain,Gotmann,hgotmann87@eepurl.com,Male,32.76.197.239
297,Harriott,Shekle,hshekle88@prlog.org,Female,91.228.94.46
298,Brinn,Frankcomb,bfrankcomb89@taobao.com,Male,211.152.252.49
299,Nannie,Plowell,nplowell8a@issuu.com,Agender,152.75.70.208
300,Jarvis,Dunkerk,jdunkerk8b@ebay.co.uk,Male,205.19.83.25
301,Nicki,Dirand,ndirand8c@discovery.com,Female,20.110.235.237
302,Candide,Peachey,cpeachey8d@xinhuanet.com,Male,54.154.153.40
303,Paula,Olivie,polivie8e@hao123.com,Female,224.151.238.98
304,Ardyth,French,afrench8f@studiopress.com,Male,75.106.181.254
305,Frederich,Mabone,fmabone8g@tinypic.com,Female,178.234.196.170
306,Gary,McMearty,gmcmearty8h@mapy.cz,Male,180.146.53.115
307,Sibley,Boerderman,sboerderman8i@jigsy.com,Female,151.140.6.241
308,Zilvia,Sallter,zsallter8j@netlog.com,Male,238.167.136.138
309,Jessalyn,Delouch,jdelouch8k@ifeng.com,Male,20.8.17.196
310,Hervey,De Mico,hdemico8l@theguardian.com,Female,12.14.14.76
311,Munroe,Caurah,mcaurah8m@cornell.edu,Male,252.248.195.238
312,Jennee,Nary,jnary8n@ovh.net,Male,237.238.32.191
313,Emmalyn,Gietz,egietz8o@reddit.com,Female,178.254.38.208
314,Goldarina,Lamkin,glamkin8p@privacy.gov.au,Female,58.154.70.205
315,Mathias,Drysdell,mdrysdell8q@yandex.ru,Female,150.200.7.122
316,Christian,Spawell,cspawell8r@tmall.com,Female,29.7.166.57
317,Faythe,Mighele,fmighele8s@themeforest.net,Male,202.168.39.134
318,Steward,Saltwell,ssaltwell8t@hostgator.com,Male,254.195.77.177
319,Kelli,Tumilson,ktumilson8u@blinklist.com,Male,228.1.221.6
320,Willey,Dorney,wdorney8v@baidu.com,Female,45.99.161.40
321,Lavinia,Botton,lbotton8w@nps.gov,Male,249.183.160.207
322,Legra,Guppey,lguppey8x@businesswire.com,Male,211.156.34.149
323,Amandie,Danovich,adanovich8y@dropbox.com,Genderqueer,179.163.94.235
324,Nydia,Rapinett,nrapinett8z@mac.com,Male,126.146.45.206
325,Ricky,MacNeely,rmacneely90@dot.gov,Female,238.77.138.251
326,Joellen,Dye,jdye91@engadget.com,Male,64.157.190.255
327,Dan,Darby,ddarby92@typepad.com,Male,218.238.158.2
328,Berny,Newsome,bnewsome93@flickr.com,Male,67.40.240.192
329,Charita,Ishaki,cishaki94@amazon.co.uk,Female,201.252.71.158
330,Riva,Louch,rlouch95@is.gd,Female,173.189.72.194
331,Breanne,Mersey,bmersey96@usgs.gov,Male,93.103.106.117
332,Wini,Renak,wrenak97@japanpost.jp,Female,237.34.86.142
333,Lorelei,Hellewell,lhellewell98@1und1.de,Female,200.225.128.24
334,Ebony,Vaugham,evaugham99@state.gov,Female,28.14.195.149
335,Abbey,Hague,ahague9a@opera.com,Male,10.218.54.208
336,Niven,Raithbie,nraithbie9b@mail.ru,Female,231.225.199.219
337,Haily,Mancktelow,hmancktelow9c@umich.edu,Male,104.153.85.242
338,Prescott,Flannigan,pflannigan9d@vistaprint.com,Male,177.80.118.157
339,Haleigh,Simeon,hsimeon9e@redcross.org,Male,52.66.234.145
340,Auroora,Welberry,awelberry9f@merriam-webster.com,Female,173.181.44.197
341,Leshia,Hoffmann,lhoffmann9g@xrea.com,Male,177.16.82.242
342,Powell,Keavy,pkeavy9h@mapquest.com,Female,248.94.181.0
343,Oliviero,Nisen,onisen9i@cnbc.com,Male,63.49.245.255
344,Freedman,McGreal,fmcgreal9j@reddit.com,Female,238.145.112.51
345,Anders,O'Moylan,aomoylan9k@themeforest.net,Male,160.211.168.58
346,Nate,Pembery,npembery9l@princeton.edu,Male,217.244.56.42
347,Lira,Philpot,lphilpot9m@time.com,Male,43.55.2.138
348,Upton,Birtwistle,ubirtwistle9n@europa.eu,Male,42.124.195.219
349,Lorain,Yonge,lyonge9o@github.com,Female,150.27.238.139
350,Eward,Alpe,ealpe9p@cisco.com,Male,79.186.40.251
351,Odelle,Hardern,ohardern9q@mtv.com,Female,194.161.195.47
352,Darill,Lansbury,dlansbury9r@eepurl.com,Female,86.48.218.107
353,Rivi,Malthouse,rmalthouse9s@bluehost.com,Male,93.204.248.142
354,Neille,Orgee,norgee9t@jugem.jp,Male,107.54.141.82
355,Grazia,Cadamy,gcadamy9u@ifeng.com,Male,188.133.122.51
356,Ganny,Shields,gshields9v@mtv.com,Female,99.103.139.173
357,Gabriel,Bentham3,gbentham9w@timesonline.co.uk,Male,199.57.114.28
358,Marcella,Handrek,mhandrek9x@indiatimes.com,Female,130.69.139.198
359,Willie,Vicar,wvicar9y@sitemeter.com,Male,57.44.106.252
360,Noami,Aspinwall,naspinwall9z@about.me,Agender,185.108.228.6
361,Almeda,Tirte,atirtea0@unicef.org,Female,166.47.26.79
362,Gaye,Robertazzi,grobertazzia1@goodreads.com,Male,95.26.9.133
363,Morley,Ocheltree,mocheltreea2@dell.com,Male,38.181.181.36
364,Luce,Witcher,lwitchera3@jalbum.net,Female,143.83.231.229
365,Cybill,Bruin,cbruina4@xrea.com,Female,156.97.27.33
366,Emiline,Boulden,ebouldena5@ycombinator.com,Female,85.44.121.227
367,Lucais,Laroux,llarouxa6@wix.com,Male,69.164.102.218
368,Jaimie,End,jenda7@hatena.ne.jp,Male,141.199.114.154
369,Livy,Hake,lhakea8@columbia.edu,Female,83.33.171.91
370,Eyde,Brobak,ebrobaka9@sohu.com,Female,186.66.93.181
371,Willa,Rance,wranceaa@scribd.com,Female,111.212.212.59
372,Anestassia,McIlreavy,amcilreavyab@slashdot.org,Male,144.111.148.196
373,Adelina,O'Henecan,aohenecanac@parallels.com,Female,122.149.21.68
374,Nat,Stove,nstovead@123-reg.co.uk,Male,116.158.83.92
375,Willem,Scupham,wscuphamae@dagondesign.com,Male,251.85.54.109
376,Dolores,Kenlin,dkenlinaf@webeden.co.uk,Male,15.70.38.65
377,Sylvia,Jaggi,sjaggiag@fc2.com,Male,25.154.239.202
378,Quintus,Acland,qaclandah@nyu.edu,Female,151.80.180.54
379,Lyndsie,Southerns,lsouthernsai@bigcartel.com,Female,113.255.147.194
380,Fletch,Sneath,fsneathaj@nhs.uk,Female,190.161.153.217
381,Kristoffer,Henriquet,khenriquetak@cafepress.com,Female,156.146.100.56
382,Jarrett,Bedrosian,jbedrosianal@fotki.com,Male,189.157.250.126
383,Tann,Walewski,twalewskiam@gizmodo.com,Male,31.6.157.8
384,Rice,Mole,rmolean@loc.gov,Female,133.203.208.44
385,Sabina,Orrock,sorrockao@amazon.co.jp,Female,245.113.35.157
386,Christoph,Tolmie,ctolmieap@washington.edu,Female,61.28.173.152
387,Tess,Filipovic,tfilipovicaq@netvibes.com,Female,224.139.246.172
388,Powell,MacRedmond,pmacredmondar@newyorker.com,Male,183.65.67.169
389,Lalo,Licence,llicenceas@ucsd.edu,Male,235.81.71.187
390,Eustacia,Tolworthy,etolworthyat@mit.edu,Polygender,41.254.30.142
391,Urson,Gorger,ugorgerau@wordpress.com,Male,223.126.79.91
392,Alain,Knoller,aknollerav@howstuffworks.com,Male,203.233.221.121
393,Kaleena,Clacey,kclaceyaw@webeden.co.uk,Female,178.104.234.37
394,Lorelle,Pfleger,lpflegerax@bbb.org,Male,126.175.182.233
395,Anson,Clemintoni,aclemintoniay@blinklist.com,Female,113.234.108.131
396,Giffard,Pack,gpackaz@soup.io,Male,40.96.26.115
397,Christoper,Whooley,cwhooleyb0@answers.com,Male,180.131.227.109
398,Patricia,Eberts,pebertsb1@hostgator.com,Female,115.167.106.76
399,Joye,McDuffie,jmcduffieb2@friendfeed.com,Genderfluid,242.222.169.93
400,Robinson,Caslane,rcaslaneb3@tinypic.com,Female,62.68.239.88
401,Innis,Lynde,ilyndeb4@unicef.org,Female,93.47.180.95
402,Etty,Pates,epatesb5@netscape.com,Male,37.113.86.36
403,Benny,Deaconson,bdeaconsonb6@alibaba.com,Male,151.201.33.116
404,Renado,Whatmough,rwhatmoughb7@blogger.com,Female,158.59.121.32
405,Delinda,Wrist,dwristb8@cargocollective.com,Male,216.239.144.63
406,Stefanie,Elmore,selmoreb9@homestead.com,Female,70.19.127.31
407,Tiffie,Deacock,tdeacockba@nature.com,Male,71.232.198.8
408,Maryjane,Suggitt,msuggittbb@fc2.com,Female,169.229.129.158
409,Ranee,Tatford,rtatfordbc@friendfeed.com,Male,120.152.213.207
410,Dwain,Papworth,dpapworthbd@google.ru,Bigender,46.78.117.54
411,Bobine,Pauli,bpaulibe@theatlantic.com,Male,184.142.137.53
412,Ronni,Petrolli,rpetrollibf@yellowpages.com,Female,213.243.117.239
413,Merrel,Van der Brug,mvanderbrugbg@deliciousdays.com,Male,66.90.152.191
414,Gracia,Attwell,gattwellbh@dell.com,Female,171.74.23.194
415,Rheba,Shearme,rshearmebi@google.pl,Bigender,214.240.145.31
416,Chandler,Kyllford,ckyllfordbj@pen.io,Female,119.216.52.64
417,Barnabas,Hurtic,bhurticbk@mayoclinic.com,Female,217.184.116.143
418,Johann,Kinsey,jkinseybl@clickbank.net,Female,201.184.141.121
419,Deanna,Donalson,ddonalsonbm@elegantthemes.com,Bigender,173.227.72.82
420,Arielle,Chaudret,achaudretbn@globo.com,Female,186.93.245.125
421,Grove,Gelsthorpe,ggelsthorpebo@weather.com,Female,105.155.19.72
422,Elvyn,MacGillreich,emacgillreichbp@over-blog.com,Male,36.153.8.248
423,Aleen,Oxterby,aoxterbybq@cbsnews.com,Male,93.121.245.8
424,Carie,Dinsmore,cdinsmorebr@hud.gov,Male,129.241.138.249
425,Lissa,Pizzie,lpizziebs@moonfruit.com,Male,2.54.176.255
426,Pauline,Hair,phairbt@tamu.edu,Male,253.109.81.146
427,Zitella,Hatto,zhattobu@google.fr,Female,94.165.32.178
428,Erin,Cheyne,echeynebv@blogger.com,Female,117.151.97.148
429,Scarlett,Mantram,smantrambw@unblog.fr,Female,39.248.13.40
430,Yorgos,Van Hault,yvanhaultbx@google.de,Female,164.184.152.56
431,Sally,Beadel,sbeadelby@aol.com,Female,206.48.29.180
432,Lebbie,Gurry,lgurrybz@gravatar.com,Male,19.193.155.59
433,Libbie,Leigh,lleighc0@nbcnews.com,Polygender,194.105.83.218
434,Chrissie,Buten,cbutenc1@reference.com,Male,155.66.105.180
435,Nola,Liggett,nliggettc2@de.vu,Male,102.45.166.165
436,Kile,Isenor,kisenorc3@multiply.com,Female,163.188.31.117
437,Kinna,Habert,khabertc4@msn.com,Female,215.78.152.34
438,Lonnie,Lowndes,llowndesc5@is.gd,Male,232.86.201.53
439,Flori,Shieldon,fshieldonc6@google.com,Genderqueer,92.71.125.219
440,Heddi,Sante,hsantec7@squidoo.com,Genderqueer,211.234.37.245
441,Shanta,Brognot,sbrognotc8@seattletimes.com,Non-binary,0.252.123.114
442,Cathy,Trathen,ctrathenc9@clickbank.net,Female,128.167.112.50
443,Bendite,Drysdell,bdrysdellca@acquirethisname.com,Female,110.229.254.181
444,Mil,Andrick,mandrickcb@quantcast.com,Female,250.6.57.203
445,Fleur,Pirouet,fpirouetcc@accuweather.com,Female,169.7.104.156
446,Nicol,Klaesson,nklaessoncd@delicious.com,Male,206.148.117.105
447,Torr,Hesse,thessece@reverbnation.com,Male,122.45.119.178
448,Philis,Dargavel,pdargavelcf@fastcompany.com,Genderqueer,86.65.182.179
449,Eleni,Kaley,ekaleycg@ask.com,Male,207.35.157.103
450,Ange,Demelt,ademeltch@1und1.de,Female,121.201.0.195
451,Marcelo,Huggens,mhuggensci@nytimes.com,Polygender,0.1.179.39
452,Saba,Lickorish,slickorishcj@smh.com.au,Male,40.76.251.240
453,Sascha,Roo,sroock@dot.gov,Female,123.124.177.150
454,Maritsa,Mallalieu,mmallalieucl@fotki.com,Female,227.6.29.107
455,Beatrisa,Lucy,blucycm@census.gov,Male,225.232.12.114
456,Theressa,Sanford,tsanfordcn@sciencedirect.com,Non-binary,82.61.61.109
457,Dorothee,Farnworth,dfarnworthco@uol.com.br,Male,26.143.114.113
458,Ingamar,Mardoll,imardollcp@indiegogo.com,Male,226.179.91.204
459,Therese,Godsafe,tgodsafecq@answers.com,Female,184.90.25.192
460,Micheal,Trenouth,mtrenouthcr@accuweather.com,Male,154.172.50.72
461,Marwin,Chipman,mchipmancs@csmonitor.com,Female,213.129.35.137
462,Findley,Catto,fcattoct@facebook.com,Male,254.210.162.11
463,Brynna,Symon,bsymoncu@cbc.ca,Female,248.184.125.37
464,Berkley,Peizer,bpeizercv@tinyurl.com,Male,224.73.169.214
465,Cecelia,Durban,cdurbancw@cisco.com,Female,171.166.214.181
466,Wilhelmina,Laise,wlaisecx@twitter.com,Polygender,168.143.16.93
467,Rozanna,Hillum,rhillumcy@tinypic.com,Female,237.207.141.165
468,Dani,Cornels,dcornelscz@hubpages.com,Female,0.115.254.248
469,Benson,Leyband,bleybandd0@simplemachines.org,Bigender,44.125.197.66
470,Yvette,Lardeur,ylardeurd1@cdbaby.com,Female,197.155.110.21
471,Kissie,Tarquini,ktarquinid2@psu.edu,Male,140.34.116.162
472,Daveta,Duinbleton,dduinbletond3@arstechnica.com,Male,151.204.149.163
473,Greer,Jacobs,gjacobsd4@t-online.de,Male,83.11.28.201
474,Murdoch,Halfhyde,mhalfhyded5@zimbio.com,Female,225.40.124.15
475,Deck,Solman,dsolmand6@upenn.edu,Female,24.23.60.57
476,Margery,Shadwick,mshadwickd7@odnoklassniki.ru,Genderfluid,17.61.226.90
477,Wendel,Ferraresi,wferraresid8@macromedia.com,Polygender,194.168.197.139
478,Winifred,Dunbabin,wdunbabind9@comcast.net,Female,209.211.153.197
479,Caprice,MacBarron,cmacbarronda@newyorker.com,Male,29.229.134.219
480,Marylin,Kernley,mkernleydb@topsy.com,Male,52.127.6.208
481,Ewell,Abdon,eabdondc@npr.org,Polygender,7.160.179.127
482,Abby,Sclater,asclaterdd@fotki.com,Male,35.231.170.111
483,Margarete,Ruff,mruffde@livejournal.com,Male,177.69.4.217
484,Adolpho,Walasik,awalasikdf@sfgate.com,Genderqueer,155.72.113.236
485,Loella,Cescot,lcescotdg@tuttocitta.it,Male,31.221.220.211
486,Rickey,Lovelady,rloveladydh@accuweather.com,Non-binary,223.230.81.93
487,Ardis,Feaveryear,afeaveryeardi@seattletimes.com,Bigender,223.180.234.43
488,Cordie,Surgison,csurgisondj@businesswire.com,Female,154.216.245.120
489,Neel,Averall,naveralldk@sourceforge.net,Male,134.194.211.252
490,Gardy,Winckle,gwinckledl@smh.com.au,Male,87.91.149.205
491,Laetitia,Kyte,lkytedm@illinois.edu,Male,148.184.225.148
492,Norene,Ganiclef,nganiclefdn@mayoclinic.com,Female,181.136.199.137
493,Leanora,Kerley,lkerleydo@craigslist.org,Female,211.206.249.54
494,Ame,Mont,amontdp@japanpost.jp,Female,250.9.126.80
495,Xena,Millhouse,xmillhousedq@ftc.gov,Female,248.14.71.52
496,Jemima,Medina,jmedinadr@vkontakte.ru,Male,121.186.187.232
497,Gennie,Kwietek,gkwietekds@guardian.co.uk,Male,22.170.51.133
498,Chaddy,O'Neil,coneildt@so-net.ne.jp,Polygender,124.210.165.27
499,Wiatt,Marskell,wmarskelldu@house.gov,Male,37.67.72.117
500,Monty,Limpkin,mlimpkindv@un.org,Female,229.141.179.187
501,Lonny,Guidone,lguidonedw@mapquest.com,Female,185.255.85.51
502,Yance,Debow,ydebowdx@reference.com,Female,171.209.189.188
503,Alyss,Punter,apunterdy@pinterest.com,Male,115.157.242.179
504,Vick,Lapley,vlapleydz@discovery.com,Male,170.94.111.164
505,Andras,Cawthorne,acawthornee0@ihg.com,Non-binary,17.73.137.248
506,Maible,Watmough,mwatmoughe1@blog.com,Female,196.108.131.73
507,Sutherland,Venart,svenarte2@fda.gov,Female,110.220.120.212
508,Dacia,Folder,dfoldere3@booking.com,Male,193.135.116.173
509,Barbey,Huie,bhuiee4@php.net,Female,117.231.65.151
510,Charlotta,Attew,cattewe5@themeforest.net,Female,137.2.3.159
511,Bertie,Chastand,bchastande6@businessinsider.com,Female,220.216.194.195
512,Gigi,Pedri,gpedrie7@vimeo.com,Female,30.22.80.5
513,Tadio,Giamo,tgiamoe8@com.com,Female,206.125.104.128
514,Tabbi,McGirr,tmcgirre9@fotki.com,Female,179.53.95.183
515,Dur,Gard,dgardea@hp.com,Female,114.243.191.189
516,Junina,Stroyan,jstroyaneb@sourceforge.net,Male,188.151.10.48
517,Tobey,Demangel,tdemangelec@ucsd.edu,Female,218.54.17.123
518,Theodore,Joselevitz,tjoselevitzed@simplemachines.org,Female,52.187.196.226
519,Jeramie,Baston,jbastonee@smh.com.au,Male,154.36.41.134
520,Elianora,Pestricke,epestrickeef@fda.gov,Male,25.81.188.37
521,Roberto,Netley,rnetleyeg@privacy.gov.au,Female,155.130.89.181
522,Myles,Burbidge,mburbidgeeh@telegraph.co.uk,Male,141.111.32.87
523,Katalin,Collabine,kcollabineei@barnesandnoble.com,Male,43.137.44.5
524,Amargo,Yokley,ayokleyej@pcworld.com,Male,93.226.168.216
525,Cherye,Hadlow,chadlowek@163.com,Male,147.97.208.184
526,Robenia,Kermannes,rkermannesel@house.gov,Male,96.77.205.47
527,Bettine,Robottham,brobotthamem@wsj.com,Polygender,140.250.56.4
528,Bidget,Vannozzii,bvannozziien@so-net.ne.jp,Female,109.42.40.90
529,Patten,Durrett,pdurretteo@harvard.edu,Male,192.200.79.143
530,Nowell,Hinsche,nhinscheep@360.cn,Male,255.243.53.108
531,Tamra,Larmor,tlarmoreq@va.gov,Female,87.132.138.126
532,Porty,Acreman,pacremaner@ucoz.com,Male,88.38.249.181
533,Kirk,Scutchings,kscutchingses@angelfire.com,Genderfluid,1.118.19.67
534,Maisey,Thackeray,mthackerayet@sina.com.cn,Female,194.31.242.44
535,Waldemar,Scrase,wscraseeu@istockphoto.com,Male,1.30.17.150
536,Culley,Pauletto,cpaulettoev@techcrunch.com,Male,70.55.87.54
537,Helge,Brownsword,hbrownswordew@bloglines.com,Genderfluid,24.29.82.144
538,Curtice,Saxby,csaxbyex@reverbnation.com,Female,38.10.40.147
539,Sandye,Franssen,sfransseney@vk.com,Male,167.160.104.10
540,Atlante,Renvoys,arenvoysez@economist.com,Male,243.192.184.74
541,Mala,O' Kelleher,mokelleherf0@alibaba.com,Female,93.202.25.36
542,Grove,Cosser,gcosserf1@opensource.org,Male,170.16.211.0
543,Paddie,Grayston,pgraystonf2@parallels.com,Female,58.10.191.100
544,Harmonia,Schrinel,hschrinelf3@stanford.edu,Female,239.187.116.130
545,Les,Kenrat,lkenratf4@elpais.com,Male,26.214.33.191
546,Rubin,Fernant,rfernantf5@deliciousdays.com,Male,77.18.146.191
547,Arron,Shilstone,ashilstonef6@indiatimes.com,Male,204.162.226.216
548,Blythe,Raffon,braffonf7@google.nl,Female,176.141.31.61
549,Kaleena,Biasini,kbiasinif8@technorati.com,Female,140.237.10.71
550,Beauregard,Elliot,belliotf9@fotki.com,Female,40.166.115.169
551,Uta,Carnall,ucarnallfa@linkedin.com,Female,232.74.75.211
552,Waverly,Hollyar,whollyarfb@icio.us,Polygender,130.113.142.199
553,Garry,Froment,gfromentfc@simplemachines.org,Male,58.53.138.152
554,Dehlia,Rook,drookfd@pbs.org,Male,234.57.137.222
555,Amaleta,Trobey,atrobeyfe@japanpost.jp,Male,58.97.176.233
556,Livvie,Reinard,lreinardff@devhub.com,Female,145.98.15.225
557,Else,Rikel,erikelfg@bigcartel.com,Male,34.20.74.188
558,Carmita,Whaplington,cwhaplingtonfh@blogspot.com,Female,245.73.242.166
559,Carita,Gallifont,cgallifontfi@e-recht24.de,Female,32.253.78.127
560,Gabrielle,Glauber,gglauberfj@ehow.com,Female,58.183.227.41
561,Reggi,Greep,rgreepfk@ycombinator.com,Genderqueer,87.105.219.8
562,Gerta,Corlett,gcorlettfl@ted.com,Female,199.188.34.88
563,Lauralee,Coleshill,lcoleshillfm@discuz.net,Female,133.21.13.80
564,Julianna,Horsell,jhorsellfn@photobucket.com,Female,26.2.25.204
565,Marita,Mackin,mmackinfo@netlog.com,Female,152.160.24.112
566,Vassily,McIlvenna,vmcilvennafp@plala.or.jp,Male,33.147.81.139
567,Adair,Smale,asmalefq@joomla.org,Male,78.191.254.110
568,Ursa,Radish,uradishfr@weibo.com,Male,126.189.199.103
569,Constantine,Scammell,cscammellfs@symantec.com,Male,83.169.139.51
570,Robby,Sunderland,rsunderlandft@lulu.com,Female,159.136.142.238
571,Lurleen,Ravillas,lravillasfu@artisteer.com,Male,83.246.180.52
572,Dalia,MacMickan,dmacmickanfv@technorati.com,Male,246.151.6.232
573,Bobbie,Ferrer,bferrerfw@cnbc.com,Agender,40.192.103.86
574,Luis,Kynder,lkynderfx@etsy.com,Male,141.202.112.166
575,Staci,McIlvoray,smcilvorayfy@ning.com,Female,88.186.196.207
576,Dyanne,Rusted,drustedfz@ocn.ne.jp,Male,205.130.179.146
577,Jordain,Jakubovits,jjakubovitsg0@webnode.com,Male,188.174.25.168
578,Norby,Lomaz,nlomazg1@icq.com,Male,254.238.160.14
579,Urbanus,Pawley,upawleyg2@nydailynews.com,Male,6.78.187.119
580,Jeane,Mowett,jmowettg3@xing.com,Male,133.126.149.144
581,Giffer,Purvess,gpurvessg4@mac.com,Female,71.254.102.45
582,Hilario,Cusworth,hcusworthg5@technorati.com,Genderfluid,140.76.15.163
583,Kirsten,Delagnes,kdelagnesg6@hao123.com,Male,102.79.119.224
584,Spike,Bindin,sbinding7@tmall.com,Male,247.251.196.102
585,Abbe,Hurne,ahurneg8@cbc.ca,Male,150.140.114.231
586,Dara,Skullet,dskulletg9@networksolutions.com,Female,69.212.38.122
587,Eda,Roughey,erougheyga@google.com,Female,12.194.123.217
588,Jeffrey,Gelland,jgellandgb@ameblo.jp,Female,93.61.211.254
589,Arlen,Corroyer,acorroyergc@networksolutions.com,Male,64.75.225.148
590,Chrisy,Alleway,callewaygd@newyorker.com,Male,74.233.137.37
591,Dukey,Rouke,droukege@lulu.com,Female,11.58.64.225
592,Minnaminnie,Darley,mdarleygf@adobe.com,Male,228.16.180.100
593,Wolf,Tailby,wtailbygg@wiley.com,Female,166.21.157.222
594,Allister,Mongenot,amongenotgh@aol.com,Female,176.161.242.102
595,Bourke,Greger,bgregergi@youku.com,Female,148.57.53.16
596,Hamlen,Circuit,hcircuitgj@dot.gov,Female,170.4.80.178
597,Jacintha,Barta,jbartagk@yahoo.com,Female,215.171.212.249
598,Giacopo,Cuncarr,gcuncarrgl@answers.com,Male,62.73.147.248
599,Daron,Daine,ddainegm@amazonaws.com,Male,7.143.232.157
600,Hollis,MacNair,hmacnairgn@blinklist.com,Male,81.192.155.152
601,Conroy,Micklewicz,cmicklewiczgo@trellian.com,Male,99.184.0.171
602,Petronilla,Gaunter,pgauntergp@state.tx.us,Male,194.91.196.19
603,Robbyn,Jenks,rjenksgq@acquirethisname.com,Genderqueer,99.57.45.141
604,Renault,Kirdsch,rkirdschgr@tripadvisor.com,Female,41.116.123.23
605,Nonah,Yankeev,nyankeevgs@google.ca,Genderqueer,111.179.250.171
606,Deva,Iacovini,diacovinigt@harvard.edu,Genderfluid,203.16.167.49
607,Hamil,Marven,hmarvengu@cpanel.net,Female,157.42.78.93
608,Drucill,Alty,daltygv@virginia.edu,Female,32.118.130.127
609,Mandie,Blackham,mblackhamgw@wikimedia.org,Male,106.131.14.164
610,Kimberlee,Duncombe,kduncombegx@dion.ne.jp,Male,199.166.173.193
611,Chaunce,Turner,cturnergy@sfgate.com,Male,74.202.89.42
612,Minnaminnie,Dummer,mdummergz@si.edu,Polygender,236.110.132.104
613,Colette,Jenner,cjennerh0@weather.com,Agender,105.139.178.96
614,Leroi,Albrighton,lalbrightonh1@clickbank.net,Genderqueer,193.97.54.151
615,Zitella,Ticksall,zticksallh2@i2i.jp,Female,254.244.74.147
616,Lanita,Springer,lspringerh3@shinystat.com,Female,254.255.84.24
617,Henrietta,Weddell,hweddellh4@sfgate.com,Female,195.146.75.21
618,Addy,Liddy,aliddyh5@dedecms.com,Male,218.67.141.80
619,Kathy,Duigan,kduiganh6@phpbb.com,Female,148.45.148.114
620,Ethel,Frankland,efranklandh7@icq.com,Male,130.180.235.190
621,Charity,Hawkslee,chawksleeh8@ocn.ne.jp,Male,117.66.190.196
622,Sherm,Treweela,streweelah9@cbc.ca,Male,82.246.212.112
623,Maia,Pena,mpenaha@telegraph.co.uk,Male,222.208.142.83
624,Paula,Whyatt,pwhyatthb@pagesperso-orange.fr,Agender,169.13.218.114
625,Jo-ann,Lawling,jlawlinghc@addtoany.com,Female,174.158.126.130
626,Berne,Blown,bblownhd@github.io,Male,165.168.156.214
627,Philippe,Clausen,pclausenhe@joomla.org,Female,120.10.82.83
628,Bertha,Duffet,bduffethf@state.gov,Male,165.4.169.22
629,Silvio,Lambkin,slambkinhg@narod.ru,Male,7.137.140.72
630,Lonni,Wondraschek,lwondraschekhh@so-net.ne.jp,Male,182.213.180.173
631,Veronica,Upshall,vupshallhi@odnoklassniki.ru,Genderqueer,4.168.88.36
632,Cooper,Bernardin,cbernardinhj@networkadvertising.org,Male,121.26.159.107
633,Farrell,Antonellini,fantonellinihk@ftc.gov,Male,93.59.159.228
634,Silva,Youngs,syoungshl@twitter.com,Male,61.116.40.249
635,Wye,Salvage,wsalvagehm@canalblog.com,Male,33.231.102.166
636,Rozanna,Walasik,rwalasikhn@alibaba.com,Female,159.87.12.252
637,Birgit,Suttell,bsuttellho@wired.com,Female,127.77.197.40
638,Tye,Westley,twestleyhp@umn.edu,Female,231.192.19.46
639,Lyndsey,Kinge,lkingehq@amazonaws.com,Male,4.58.191.22
640,Georgianne,Prudham,gprudhamhr@gnu.org,Female,211.213.106.223
641,Roseann,Bulle,rbullehs@nature.com,Female,100.89.102.233
642,Ramon,Blackett,rblackettht@jimdo.com,Female,87.195.213.25
643,Carola,Wilsdon,cwilsdonhu@diigo.com,Female,148.134.37.235
644,Jase,Pietrowicz,jpietrowiczhv@walmart.com,Male,128.6.241.143
645,Eldridge,Bullimore,ebullimorehw@bigcartel.com,Female,218.89.146.154
646,Bink,De Giovanni,bdegiovannihx@sakura.ne.jp,Female,170.107.255.61
647,Neel,Shipway,nshipwayhy@army.mil,Male,100.175.131.103
648,Deedee,Miere,dmierehz@skyrock.com,Female,249.98.114.81
649,Rosaline,Gemson,rgemsoni0@apple.com,Agender,216.241.96.218
650,Flory,De Fries,fdefriesi1@studiopress.com,Male,208.239.124.104
651,Kitty,Enric,kenrici2@acquirethisname.com,Female,216.48.249.176
652,Robinia,Monnoyer,rmonnoyeri3@jigsy.com,Female,252.68.231.73
653,Lorry,Dryden,ldrydeni4@flickr.com,Female,129.233.131.31
654,Marlane,Eversfield,meversfieldi5@posterous.com,Female,179.179.27.168
655,Sancho,Drinkel,sdrinkeli6@liveinternet.ru,Female,68.18.60.193
656,Lucy,Hacksby,lhacksbyi7@wikia.com,Male,201.48.228.171
657,Farrell,Poulgreen,fpoulgreeni8@unicef.org,Male,161.149.173.69
658,Maddy,Duke,mdukei9@state.tx.us,Male,50.128.24.14
659,Godwin,Wahlberg,gwahlbergia@imdb.com,Female,246.234.129.104
660,Lizabeth,Varey,lvareyib@huffingtonpost.com,Female,209.58.57.85
661,Klara,Souten,ksoutenic@zdnet.com,Female,200.243.39.254
662,Elbertine,Outright,eoutrightid@ovh.net,Male,6.136.72.143
663,Dyna,Dumphries,ddumphriesie@sourceforge.net,Male,117.197.37.253
664,Gerardo,Riepel,griepelif@princeton.edu,Female,79.102.36.0
665,Berny,Fownes,bfownesig@intel.com,Female,57.5.36.176
666,Farah,Landre,flandreih@desdev.cn,Female,147.76.118.45
667,Gale,Mulbery,gmulberyii@blogspot.com,Male,32.121.41.248
668,Xylina,Sivell,xsivellij@examiner.com,Female,250.214.229.34
669,Vonnie,Jostan,vjostanik@cloudflare.com,Male,22.227.23.160
670,Paulie,Peasee,ppeaseeil@pen.io,Male,125.114.220.211
671,James,Hartright,jhartrightim@dailymotion.com,Male,47.48.50.166
672,Isaac,Norgan,inorganin@opera.com,Male,181.221.206.180
673,Isabelle,Lordon,ilordonio@sina.com.cn,Female,48.49.188.0
674,Clim,Ray,crayip@skype.com,Female,28.103.211.226
675,Cissiee,Yeo,cyeoiq@yale.edu,Female,226.239.207.183
676,Lorena,Pottle,lpottleir@oracle.com,Female,185.98.252.47
677,Bonny,De Beauchemp,bdebeauchempis@newyorker.com,Female,33.60.30.138
678,Staffard,Warry,swarryit@google.de,Male,153.65.138.119
679,Elene,Dewdney,edewdneyiu@ox.ac.uk,Male,249.178.100.157
680,Artur,Folder,afolderiv@opera.com,Bigender,220.92.112.10
681,Belva,McAreavey,bmcareaveyiw@slashdot.org,Male,253.168.201.128
682,Kelly,Sprules,ksprulesix@elegantthemes.com,Female,116.251.236.160
683,Kara,Cartwright,kcartwrightiy@ed.gov,Male,69.211.102.186
684,Arch,Scripture,ascriptureiz@sourceforge.net,Male,164.89.216.80
685,Claudian,Maxsted,cmaxstedj0@sohu.com,Male,18.196.17.31
686,Marshal,Kerner,mkernerj1@loc.gov,Female,193.114.163.123
687,Roy,Braitling,rbraitlingj2@pcworld.com,Female,80.79.116.176
688,Sharron,Deegin,sdeeginj3@artisteer.com,Female,137.75.156.144
689,Fredek,Sitlinton,fsitlintonj4@alibaba.com,Male,217.75.115.49
690,Philly,Peotz,ppeotzj5@odnoklassniki.ru,Female,142.152.62.87
691,Hoyt,Carnilian,hcarnilianj6@ehow.com,Genderqueer,210.219.140.106
692,Jasper,Wakeman,jwakemanj7@nsw.gov.au,Male,241.143.183.49
693,Jasper,De Bernardi,jdebernardij8@japanpost.jp,Female,1.196.42.15
694,Claire,Biner,cbinerj9@vistaprint.com,Female,82.134.145.20
695,Baxy,Jacobowicz,bjacobowiczja@springer.com,Male,18.50.148.186
696,Bryn,Shingles,bshinglesjb@cafepress.com,Female,254.155.50.127
697,Evvie,Benoy,ebenoyjc@netvibes.com,Female,233.65.46.90
698,Dominica,Starkie,dstarkiejd@va.gov,Male,177.123.151.134
699,Gus,Cordeiro,gcordeiroje@ft.com,Female,187.162.45.94
700,Everard,Goaks,egoaksjf@mac.com,Male,83.79.27.169
701,Leoline,Capewell,lcapewelljg@github.io,Female,56.103.135.216
702,Elvina,Mutimer,emutimerjh@smugmug.com,Male,63.224.117.66
703,El,Bampforth,ebampforthji@tripod.com,Female,198.204.109.118
704,Denis,Belding,dbeldingjj@epa.gov,Female,117.169.218.105
705,Marilyn,Burgen,mburgenjk@shareasale.com,Male,57.158.254.57
706,Sloane,Pinck,spinckjl@vistaprint.com,Female,202.199.152.53
707,Rick,Tolcher,rtolcherjm@istockphoto.com,Female,213.225.72.198
708,Katusha,Barsam,kbarsamjn@berkeley.edu,Non-binary,232.173.210.14
709,Aloin,Whybray,awhybrayjo@dailymail.co.uk,Female,3.180.123.40
710,Lezley,Barmadier,lbarmadierjp@1und1.de,Female,198.174.16.56
711,Gerhard,Faas,gfaasjq@admin.ch,Female,132.44.31.124
712,Vincenty,Haily,vhailyjr@adobe.com,Male,25.32.238.4
713,Ellwood,Crisell,ecriselljs@fastcompany.com,Female,66.140.17.187
714,Korella,Moughton,kmoughtonjt@soup.io,Male,28.163.6.139
715,Lee,Yarnall,lyarnallju@businessweek.com,Female,38.147.57.159
716,Freda,Corke,fcorkejv@businesswire.com,Male,33.32.46.61
717,Chuck,Boissier,cboissierjw@mail.ru,Female,165.137.97.250
718,Arabele,Trownson,atrownsonjx@free.fr,Male,222.99.148.168
719,Alis,Whitham,awhithamjy@about.com,Male,27.120.18.150
720,Buffy,Walkinshaw,bwalkinshawjz@tripod.com,Bigender,51.237.126.35
721,Keelby,Downage,kdownagek0@wired.com,Female,250.103.134.131
722,Alastair,Shaxby,ashaxbyk1@myspace.com,Male,120.44.195.189
723,Toddy,McRae,tmcraek2@1und1.de,Female,139.218.130.152
724,Darby,Wisam,dwisamk3@bizjournals.com,Male,199.186.190.96
725,Marlena,Josskoviz,mjosskovizk4@netscape.com,Female,55.237.144.53
726,Lalo,Kiehnlt,lkiehnltk5@bbb.org,Female,191.103.76.217
727,Khalil,Cowthard,kcowthardk6@delicious.com,Female,143.11.231.236
728,Burgess,Robbey,brobbeyk7@imdb.com,Male,141.112.115.188
729,Glen,Drewett,gdrewettk8@bing.com,Male,174.143.182.83
730,Gladys,De Vaan,gdevaank9@github.io,Non-binary,84.53.113.138
731,Dallas,Johl,djohlka@macromedia.com,Male,143.195.167.71
732,Jessa,Duncombe,jduncombekb@time.com,Female,94.227.244.118
733,Niki,Allridge,nallridgekc@alibaba.com,Male,10.168.79.176
734,Shandra,Bickerdike,sbickerdikekd@virginia.edu,Female,90.163.89.95
735,Mickie,Exter,mexterke@github.com,Female,111.54.12.40
736,Noellyn,Brinkworth,nbrinkworthkf@myspace.com,Female,74.136.227.25
737,Freddy,Kohrsen,fkohrsenkg@amazon.de,Male,35.95.105.44
738,Idalia,Faull,ifaullkh@sitemeter.com,Female,216.251.67.225
739,Ardelia,Copplestone,acopplestoneki@auda.org.au,Male,158.33.253.250
740,Reeba,Organ,rorgankj@yelp.com,Female,148.26.104.144
741,Herta,Lammerding,hlammerdingkk@ucsd.edu,Male,115.19.60.200
742,Dalia,Guild,dguildkl@yahoo.co.jp,Female,110.12.116.12
743,Jaquenette,Costi,jcostikm@blogger.com,Male,231.129.3.2
744,Tasha,Aked,takedkn@msn.com,Female,79.53.22.195
745,Leroi,O'Lennachain,lolennachainko@indiatimes.com,Polygender,206.88.129.110
746,Kassey,Evert,kevertkp@reverbnation.com,Male,32.108.27.29
747,Hugibert,Cocklin,hcocklinkq@theatlantic.com,Male,215.39.1.118
748,Hillard,Rowena,hrowenakr@jalbum.net,Female,101.49.85.24
749,Egan,Pauler,epaulerks@imdb.com,Male,109.212.132.97
750,Sidonnie,Radoux,sradouxkt@psu.edu,Female,124.100.164.36
751,Hally,Kelloway,hkellowayku@yellowbook.com,Male,171.5.131.31
752,Broddie,Windaybank,bwindaybankkv@wordpress.com,Male,222.241.184.192
753,Alika,Aldam,aaldamkw@nasa.gov,Male,120.128.241.244
754,Magdalene,Went,mwentkx@toplist.cz,Female,234.177.144.21
755,Gigi,Kitley,gkitleyky@51.la,Female,246.199.93.217
756,Ardys,Loosmore,aloosmorekz@multiply.com,Female,67.178.47.155
757,Casie,Tayler,ctaylerl0@prlog.org,Agender,220.94.103.232
758,Carly,Drezzer,cdrezzerl1@ted.com,Female,54.238.166.91
759,Way,Wight,wwightl2@vinaora.com,Female,81.50.24.179
760,Wilek,Wong,wwongl3@opera.com,Male,78.200.14.65
761,Les,Blasoni,lblasonil4@pcworld.com,Female,247.24.158.132
762,Dolph,Margaret,dmargaretl5@icio.us,Non-binary,69.21.231.68
763,Karil,Gledstane,kgledstanel6@smh.com.au,Genderqueer,95.155.153.227
764,Star,Dalyell,sdalyelll7@youku.com,Male,115.117.0.122
765,Faun,Lomasny,flomasnyl8@google.com.hk,Male,85.217.25.188
766,Sigfried,Jotham,sjothaml9@homestead.com,Male,205.224.81.104
767,Sacha,Kilkenny,skilkennyla@imdb.com,Male,103.162.128.212
768,Miran,Reddle,mreddlelb@parallels.com,Male,149.169.189.103
769,Maurits,Brearty,mbreartylc@cmu.edu,Male,85.101.3.147
770,Noelle,Chazier,nchazierld@businessweek.com,Female,80.173.144.250
771,Nathan,Saxelby,nsaxelbyle@yelp.com,Male,12.21.73.211
772,Colet,Abramchik,cabramchiklf@webmd.com,Male,253.53.82.232
773,Darcy,Skokoe,dskokoelg@de.vu,Female,132.193.97.165
774,Margalit,Carmo,mcarmolh@salon.com,Male,51.75.191.130
775,Gleda,Ducarne,gducarneli@e-recht24.de,Male,37.190.43.117
776,Jania,Whistan,jwhistanlj@linkedin.com,Female,147.147.108.254
777,Corri,Tourry,ctourrylk@jugem.jp,Male,86.29.192.81
778,Caren,Marritt,cmarrittll@liveinternet.ru,Female,110.228.129.72
779,Annabella,Wellstood,awellstoodlm@economist.com,Polygender,63.91.153.34
780,Aurlie,Kelbie,akelbieln@pcworld.com,Male,156.226.153.236
781,Derron,Ghirigori,dghirigorilo@so-net.ne.jp,Female,37.246.209.22
782,Meghann,Durtnel,mdurtnellp@ameblo.jp,Female,185.80.210.129
783,Orelia,Vassall,ovassalllq@parallels.com,Female,94.198.222.236
784,Nettie,Nicely,nnicelylr@businessinsider.com,Female,148.144.112.206
785,Aldo,Blatherwick,ablatherwickls@alexa.com,Female,85.31.181.98
786,Keelia,Kingsley,kkingsleylt@linkedin.com,Agender,190.102.206.94
787,Pepe,Stokes,pstokeslu@hatena.ne.jp,Male,219.183.65.141
788,Avictor,Delcastel,adelcastellv@fotki.com,Female,191.84.210.148
789,Adriano,Linfield,alinfieldlw@youtu.be,Bigender,149.71.194.162
790,Marven,Kowalik,mkowaliklx@google.com.au,Female,16.189.246.143
791,Patty,Pietersma,ppietersmaly@state.tx.us,Female,226.225.254.47
792,Garnette,Fayerman,gfayermanlz@google.com.hk,Male,224.163.24.236
793,Trey,Pridmore,tpridmorem0@phpbb.com,Male,222.33.183.158
794,Ardisj,Ilymanov,ailymanovm1@chronoengine.com,Male,131.180.185.49
795,Randee,McConville,rmcconvillem2@behance.net,Polygender,141.215.226.197
796,Kippar,Rysdale,krysdalem3@un.org,Female,98.112.173.193
797,Cullin,Smeuin,csmeuinm4@etsy.com,Female,34.206.108.111
798,Jodie,Dyke,jdykem5@vkontakte.ru,Male,199.38.220.109
799,Erhart,Lorent,elorentm6@stanford.edu,Female,150.66.167.194
800,Oralie,Byway,obywaym7@nsw.gov.au,Female,19.101.83.71
801,Cherise,Maron,cmaronm8@blogs.com,Female,53.188.216.102
802,Livy,Berthome,lberthomem9@wunderground.com,Female,8.223.95.155
803,Quinlan,Songhurst,qsonghurstma@creativecommons.org,Female,132.181.128.175
804,Dorrie,Krug,dkrugmb@spotify.com,Female,37.16.184.129
805,Durward,Shekle,dsheklemc@msu.edu,Male,254.117.112.64
806,Perice,Pearsall,ppearsallmd@latimes.com,Female,208.95.132.150
807,Izzy,Domesday,idomesdayme@nifty.com,Female,43.241.196.121
808,Viv,Pargeter,vpargetermf@bluehost.com,Male,35.218.120.126
809,Forrest,Kinnar,fkinnarmg@google.co.uk,Male,196.139.208.30
810,Rodolphe,Stagge,rstaggemh@hhs.gov,Female,225.137.47.230
811,Gardie,Grainger,ggraingermi@4shared.com,Male,244.107.163.179
812,Maggi,Fleis,mfleismj@forbes.com,Male,120.63.227.209
813,Kenneth,Goldes,kgoldesmk@time.com,Female,202.158.239.70
814,Virgina,Davoren,vdavorenml@printfriendly.com,Male,182.5.148.58
815,Grant,Mangenot,gmangenotmm@printfriendly.com,Male,85.34.227.215
816,Cazzie,Hendrichs,chendrichsmn@ifeng.com,Female,185.4.210.15
817,Wenonah,Berryann,wberryannmo@360.cn,Female,116.165.67.82
818,Alleen,Noton,anotonmp@icio.us,Female,10.18.78.35
819,Inglebert,Treuge,itreugemq@qq.com,Male,33.251.20.119
820,Ibby,Muehler,imuehlermr@senate.gov,Male,35.44.240.82
821,Dorrie,Overton,dovertonms@prweb.com,Genderfluid,159.205.216.114
822,Obidiah,Sagerson,osagersonmt@whitehouse.gov,Male,201.105.245.3
823,Silvan,Dannell,sdannellmu@bbc.co.uk,Male,191.58.211.70
824,Krishnah,Clues,kcluesmv@yale.edu,Male,105.3.108.57
825,Bernelle,MacCaughan,bmaccaughanmw@altervista.org,Male,213.247.151.1
826,Rudolf,Oxe,roxemx@last.fm,Male,144.43.148.139
827,Bria,Greenin,bgreeninmy@domainmarket.com,Male,172.82.148.17
828,Marilee,Franzolini,mfranzolinimz@ox.ac.uk,Male,252.241.103.248
829,Lennie,Sammes,lsammesn0@slate.com,Female,32.248.176.22
830,Stu,Delatour,sdelatourn1@merriam-webster.com,Male,18.108.21.238
831,Vergil,Kilalea,vkilalean2@pcworld.com,Female,125.36.96.226
832,Dawna,Jacklin,djacklinn3@csmonitor.com,Female,96.74.199.184
833,Micheal,Streat,mstreatn4@multiply.com,Male,192.101.244.36
834,Melinde,Ickovits,mickovitsn5@studiopress.com,Male,56.243.125.173
835,Daune,Boal,dboaln6@ow.ly,Female,52.205.247.70
836,Catarina,De Laspee,cdelaspeen7@upenn.edu,Male,212.70.160.232
837,Debera,Getcliff,dgetcliffn8@dot.gov,Male,95.77.230.157
838,Farlay,Bouette,fbouetten9@springer.com,Polygender,1.217.41.103
839,Maxim,Lyenyng,mlyenyngna@jiathis.com,Female,105.218.97.95
840,Latia,Dodswell,ldodswellnb@utexas.edu,Female,68.253.237.154
841,Dominic,Denizet,ddenizetnc@census.gov,Male,138.159.221.81
842,Rhoda,Owthwaite,rowthwaitend@cnet.com,Male,233.253.10.117
843,Arlan,Rope,aropene@sitemeter.com,Female,41.56.66.217
844,Tanner,O'Hollegan,tohollegannf@last.fm,Male,108.0.117.51
845,Randy,Gainfort,rgainfortng@scribd.com,Non-binary,130.207.214.107
846,Katrinka,Pail,kpailnh@nhs.uk,Female,115.150.151.65
847,Wade,Welbelove,wwelbeloveni@vistaprint.com,Male,50.106.241.120
848,Jamima,Hadaway,jhadawaynj@flickr.com,Female,131.14.223.134
849,Adda,McReidy,amcreidynk@gmpg.org,Female,60.18.123.241
850,Flemming,Camerana,fcamerananl@jigsy.com,Male,140.208.14.125
851,Nessy,Petracco,npetracconm@icq.com,Female,14.30.211.187
852,Eleanora,Bohlmann,ebohlmannnn@ehow.com,Female,70.125.218.168
853,Lambert,Burdis,lburdisno@tamu.edu,Female,151.24.18.184
854,Pavlov,Allcorn,pallcornnp@forbes.com,Female,68.107.167.37
855,Nicholle,Creighton,ncreightonnq@yale.edu,Male,232.22.54.106
856,Debbie,Gaskarth,dgaskarthnr@parallels.com,Male,57.217.166.254
857,Luce,Iannetti,liannettins@virginia.edu,Male,93.150.135.111
858,Sunshine,Muffitt,smuffittnt@cnet.com,Polygender,246.176.159.122
859,Giordano,Itscowicz,gitscowicznu@chronoengine.com,Male,50.150.236.196
860,Gordy,Delwater,gdelwaternv@edublogs.org,Female,204.124.126.239
861,Conni,Nowak,cnowaknw@ebay.com,Male,51.99.103.141
862,Kahaleel,Newport,knewportnx@trellian.com,Male,247.197.139.128
863,Bella,Caesman,bcaesmanny@blogspot.com,Male,201.218.157.97
864,Albertina,Joynt,ajoyntnz@microsoft.com,Female,38.124.164.28
865,Amandie,Horsburgh,ahorsburgho0@wp.com,Male,6.8.34.129
866,Emelyne,Lundie,elundieo1@npr.org,Bigender,15.10.93.167
867,Evy,Moorman,emoormano2@ehow.com,Female,182.136.85.76
868,Abigael,Filtness,afiltnesso3@toplist.cz,Male,203.66.244.22
869,Perla,Radford,pradfordo4@msn.com,Male,157.15.58.213
870,Dukie,Shotton,dshottono5@sun.com,Male,136.149.197.216
871,Johnath,Kingdon,jkingdono6@goo.gl,Male,70.152.72.151
872,Dorie,Brownsea,dbrownseao7@infoseek.co.jp,Female,112.186.187.158
873,Donielle,Sheldrick,dsheldricko8@fc2.com,Male,49.159.83.4
874,Urbain,Whiffen,uwhiffeno9@china.com.cn,Male,30.122.13.184
875,Dale,Kellert,dkellertoa@techcrunch.com,Male,92.157.202.193
876,Basilio,Salaman,bsalamanob@prweb.com,Female,113.142.141.187
877,Calli,McGreary,cmcgrearyoc@about.com,Female,250.87.101.197
878,Abey,Gleaves,agleavesod@blinklist.com,Male,44.79.76.201
879,Jeanna,Rendbaek,jrendbaekoe@house.gov,Female,38.243.202.230
880,Kathlin,Shann,kshannof@desdev.cn,Non-binary,178.192.211.165
881,Lewes,Vaissiere,lvaissiereog@yale.edu,Male,77.244.245.57
882,Elsinore,McMickan,emcmickanoh@whitehouse.gov,Female,22.28.17.61
883,Victoria,Andrew,vandrewoi@telegraph.co.uk,Male,117.219.61.196
884,Granthem,Dobson,gdobsonoj@stanford.edu,Genderqueer,87.143.2.104
885,Olivette,Hourstan,ohourstanok@sciencedirect.com,Male,147.82.154.99
886,Cesar,Pickworth,cpickworthol@oakley.com,Female,235.118.46.10
887,Brandyn,Manuaud,bmanuaudom@noaa.gov,Female,163.18.122.87
888,Olympia,Thring,othringon@surveymonkey.com,Female,40.198.225.123
889,Nerty,Cutcliffe,ncutcliffeoo@slideshare.net,Female,202.251.113.37
890,Octavius,Mattek,omattekop@google.de,Male,65.134.154.134
891,Nataniel,Jirak,njirakoq@chicagotribune.com,Male,175.191.48.184
892,Tess,Margerrison,tmargerrisonor@dmoz.org,Male,174.176.222.192
893,Darsey,Berget,dbergetos@yandex.ru,Male,201.171.248.105
894,Far,Nurcombe,fnurcombeot@princeton.edu,Male,84.248.163.140
895,Kirbee,Wilman,kwilmanou@nyu.edu,Female,197.136.122.110
896,Dina,Breslane,dbreslaneov@vistaprint.com,Male,52.246.185.80
897,Rhodie,Poytress,rpoytressow@utexas.edu,Male,221.143.6.44
898,Bradford,Ferentz,bferentzox@domainmarket.com,Female,60.19.129.111
899,Mayor,Sherreard,msherreardoy@disqus.com,Female,241.36.129.53
900,Noel,Newling,nnewlingoz@go.com,Male,20.241.24.244
901,Rutledge,Cottey,rcotteyp0@imdb.com,Female,118.114.110.76
902,Connie,MacKnight,cmacknightp1@feedburner.com,Female,198.220.131.45
903,Thebault,Kellart,tkellartp2@diigo.com,Polygender,181.112.145.122
904,Sophronia,Grinin,sgrininp3@ameblo.jp,Male,176.244.45.23
905,Estelle,Franzewitch,efranzewitchp4@is.gd,Male,248.167.58.187
906,Elvina,Obray,eobrayp5@freewebs.com,Female,43.246.111.177
907,Arlene,Hartles,ahartlesp6@bloglovin.com,Male,52.62.29.169
908,Haley,Gurko,hgurkop7@cam.ac.uk,Female,6.131.55.77
909,Alvina,Pietersma,apietersmap8@furl.net,Male,121.131.45.148
910,Hildagarde,Meachan,hmeachanp9@google.co.uk,Male,57.222.191.145
911,Emily,Mapston,emapstonpa@addtoany.com,Female,162.87.53.75
912,Polly,Crommett,pcrommettpb@tiny.cc,Female,46.112.104.246
913,Kerrin,McDermid,kmcdermidpc@webmd.com,Genderfluid,92.206.88.161
914,Sapphire,Victor,svictorpd@utexas.edu,Female,27.45.178.91
915,Penny,Clilverd,pclilverdpe@unblog.fr,Male,205.225.216.189
916,Florrie,Giacaponi,fgiacaponipf@time.com,Male,40.45.24.112
917,Alayne,Burbudge,aburbudgepg@lycos.com,Female,27.45.105.109
918,Lutero,Beel,lbeelph@seesaa.net,Female,43.106.112.134
919,Lee,Kohneke,lkohnekepi@scribd.com,Female,60.110.112.108
920,Hayes,Jallin,hjallinpj@fc2.com,Female,181.129.38.9
921,Georgiana,Bignal,gbignalpk@cam.ac.uk,Male,45.103.168.185
922,Byrann,Wloch,bwlochpl@foxnews.com,Female,148.202.92.126
923,Cynthy,Brameld,cbrameldpm@goo.gl,Female,196.244.65.248
924,Yardley,Wolfarth,ywolfarthpn@chron.com,Male,158.161.251.39
925,Carlynn,Keddy,ckeddypo@histats.com,Female,205.75.46.152
926,Fleur,Gales,fgalespp@shinystat.com,Female,135.141.213.162
927,Sammy,Krauss,skrausspq@odnoklassniki.ru,Female,151.85.201.219
928,Shanie,Giraudel,sgiraudelpr@comsenz.com,Female,105.66.50.225
929,Darby,Gooda,dgoodaps@unicef.org,Male,8.14.118.202
930,Candra,Ever,ceverpt@booking.com,Male,155.3.68.75
931,Aubrette,Garett,agarettpu@reuters.com,Female,107.74.156.47
932,Tiffani,Roome,troomepv@nyu.edu,Bigender,130.122.167.116
933,Aloin,Saines,asainespw@buzzfeed.com,Female,255.62.219.250
934,Engracia,Antonazzi,eantonazzipx@a8.net,Male,120.217.13.143
935,Lazar,Alleway,lallewaypy@dyndns.org,Male,203.129.112.57
936,Garrett,Greenlies,ggreenliespz@dot.gov,Male,160.20.8.142
937,Neal,Christopher,nchristopherq0@cocolog-nifty.com,Male,208.212.228.24
938,Stafford,Blowne,sblowneq1@dedecms.com,Female,185.46.106.111
939,Bordy,Balbeck,bbalbeckq2@weebly.com,Male,169.205.125.226
940,Carita,Herculeson,cherculesonq3@gizmodo.com,Female,42.248.121.185
941,Kellina,Killbey,kkillbeyq4@hexun.com,Female,44.142.73.137
942,Bordy,Haill,bhaillq5@unblog.fr,Male,116.5.181.98
943,Rodd,Measor,rmeasorq6@blogspot.com,Male,226.20.193.188
944,Mireille,Chadburn,mchadburnq7@foxnews.com,Male,94.187.93.128
945,Winthrop,Robinson,wrobinsonq8@simplemachines.org,Female,11.202.16.244
946,Simonne,Drage,sdrageq9@reverbnation.com,Female,201.21.6.159
947,Orsa,le Keux,olekeuxqa@booking.com,Female,235.50.3.114
948,Maxine,Kobisch,mkobischqb@booking.com,Male,156.35.133.218
949,Ossie,Tweede,otweedeqc@soup.io,Female,14.218.43.215
950,Stern,Morrad,smorradqd@prweb.com,Male,28.183.243.204
951,Carlene,Van de Castele,cvandecasteleqe@omniture.com,Female,157.213.153.178
952,Sherill,Munning,smunningqf@deviantart.com,Male,133.53.248.114
953,Catherin,Buckley,cbuckleyqg@wp.com,Male,71.31.183.130
954,Emera,Rattenbury,erattenburyqh@ameblo.jp,Female,48.63.238.130
955,Ilario,Smelley,ismelleyqi@plala.or.jp,Female,225.239.215.59
956,Oliver,Morbey,omorbeyqj@princeton.edu,Female,75.84.128.135
957,Ara,Pleat,apleatqk@technorati.com,Female,224.21.188.91
958,Giustino,Clamp,gclampql@behance.net,Female,15.3.136.234
959,Mathew,Lidgerton,mlidgertonqm@clickbank.net,Male,138.73.180.45
960,Elnora,Rhucroft,erhucroftqn@naver.com,Female,125.172.221.250
961,David,Siddell,dsiddellqo@dyndns.org,Male,224.154.51.1
962,Tricia,O'Gleasane,togleasaneqp@gov.uk,Bigender,19.164.112.116
963,Lemmie,Szanto,lszantoqq@nifty.com,Male,57.126.145.247
964,Cece,Arnhold,carnholdqr@github.io,Female,240.152.56.152
965,Danice,Diloway,ddilowayqs@g.co,Female,76.38.55.90
966,Orelie,Bussy,obussyqt@clickbank.net,Female,20.211.30.212
967,Consalve,MacKnocker,cmacknockerqu@house.gov,Female,186.173.137.207
968,Gilberto,Sondland,gsondlandqv@shutterfly.com,Male,94.192.181.67
969,Camila,Larman,clarmanqw@bandcamp.com,Female,72.28.56.6
970,Fremont,Helstrip,fhelstripqx@plala.or.jp,Genderqueer,93.122.139.31
971,Delano,Krebs,dkrebsqy@tumblr.com,Female,15.41.241.252
972,Cathrin,Splevin,csplevinqz@usnews.com,Male,141.235.70.186
973,Waldo,Epp,weppr0@mac.com,Male,88.44.5.245
974,Evangelin,Rubinsaft,erubinsaftr1@kickstarter.com,Male,10.151.239.27
975,Vita,Hallibone,vhalliboner2@so-net.ne.jp,Male,211.107.102.46
976,Krishnah,Tempest,ktempestr3@tiny.cc,Male,151.236.180.202
977,Angus,McAndrew,amcandrewr4@wikispaces.com,Female,225.230.48.30
978,Karly,Huband,khubandr5@meetup.com,Genderfluid,67.191.196.226
979,Kelly,Cromack,kcromackr6@alexa.com,Female,138.160.111.211
980,Adah,Kondrat,akondratr7@google.de,Male,7.117.131.183
981,Vonnie,D'Oyley,vdoyleyr8@irs.gov,Male,186.193.170.80
982,Evonne,Tissell,etissellr9@skype.com,Agender,155.219.198.108
983,Whitney,Gannicleff,wgannicleffra@gravatar.com,Bigender,51.228.185.231
984,Brit,Shortland,bshortlandrb@mayoclinic.com,Male,119.149.169.244
985,Benedetta,Bartlet,bbartletrc@yandex.ru,Male,97.57.205.129
986,Maximilien,Josefer,mjoseferrd@ebay.com,Female,137.3.124.84
987,Darcee,Reede,dreedere@google.pl,Male,68.41.48.213
988,Ellyn,Lattos,elattosrf@hud.gov,Male,10.168.17.167
989,Gavin,Lohde,glohderg@fotki.com,Male,87.14.25.184
990,Willow,Linklater,wlinklaterrh@simplemachines.org,Female,150.70.165.255
991,Johanna,Fleckney,jfleckneyri@java.com,Female,19.72.239.6
992,Trudi,Hehnke,thehnkerj@wikimedia.org,Female,58.26.128.76
993,Adriana,Rumbellow,arumbellowrk@ft.com,Female,203.117.42.69
994,Almeda,Cundy,acundyrl@howstuffworks.com,Male,29.244.73.30
995,Ellene,Mendonca,emendoncarm@cyberchimps.com,Male,171.104.173.211
996,Elsworth,Regardsoe,eregardsoern@wp.com,Male,96.86.54.110
997,Virgie,Fardoe,vfardoero@diigo.com,Male,55.58.197.168
998,Sampson,Shorton,sshortonrp@youtu.be,Genderfluid,32.48.96.34
999,Jerad,Ingolotti,jingolottirq@webeden.co.uk,Polygender,173.8.220.138
1000,Rochester,Darley,rdarleyrr@dell.com,Genderqueer,73.47.86.149
